state,scenario,channel,filename,sample_rate,orig_duration_sec,trim_offset_sec,aligned_duration_sec,can_duration_sec,dur_diff_sec,status,saved_path
abnormal,high_speed_20kph,OBD,go_20-OBD-2.wav,44100,270.067,0.0,270.067,270.53,-0.463,COPIED (100% Intact),/mnt/c/Users/kante/Documents/KWU/etrl_task/experiments/gearbox_final_suite/data/audio_aligned/abnormal/high_speed_20kph/go_20-OBD-2.wav
abnormal,high_speed_20kph,GEAR,go_20-gear-1.wav,44100,270.067,0.0,270.067,270.53,-0.463,COPIED (100% Intact),/mnt/c/Users/kante/Documents/KWU/etrl_task/experiments/gearbox_final_suite/data/audio_aligned/abnormal/high_speed_20kph/go_20-gear-1.wav
abnormal,high_speed_60kph,OBD,go_60-OBD-2.wav,44100,90.623,0.0,90.623,90.64,-0.017,COPIED (100% Intact),/mnt/c/Users/kante/Documents/KWU/etrl_task/experiments/gearbox_final_suite/data/audio_aligned/abnormal/high_speed_60kph/go_60-OBD-2.wav
abnormal,high_speed_60kph,GEAR,go_60-gear-1.wav,44100,90.623,0.0,90.623,90.64,-0.017,COPIED (100% Intact),/mnt/c/Users/kante/Documents/KWU/etrl_task/experiments/gearbox_final_suite/data/audio_aligned/abnormal/high_speed_60kph/go_60-gear-1.wav
abnormal,high_speed_80kph,OBD,go_80-OBD-2.wav,44100,68.693,0.0,68.693,68.46,0.233,COPIED (100% Intact),/mnt/c/Users/kante/Documents/KWU/etrl_task/experiments/gearbox_final_suite/data/audio_aligned/abnormal/high_speed_80kph/go_80-OBD-2.wav
abnormal,high_speed_80kph,GEAR,go_80-gear-1.wav,44100,68.693,0.0,68.693,68.46,0.233,COPIED (100% Intact),/mnt/c/Users/kante/Documents/KWU/etrl_task/experiments/gearbox_final_suite/data/audio_aligned/abnormal/high_speed_80kph/go_80-gear-1.wav
abnormal,hills_12deg,OBD,go_up_12-OBD-2_cut.wav,44100,40.243,8.38,31.863,31.86,0.003,TRIMMED (-8.38s),/mnt/c/Users/kante/Documents/KWU/etrl_task/experiments/gearbox_final_suite/data/audio_aligned/abnormal/hills_12deg/go_up_12-OBD-2_cut.wav
abnormal,hills_12deg,GEAR,go_up_12-gear-1_cut.wav,44100,40.243,8.38,31.863,31.86,0.003,TRIMMED (-8.38s),/mnt/c/Users/kante/Documents/KWU/etrl_task/experiments/gearbox_final_suite/data/audio_aligned/abnormal/hills_12deg/go_up_12-gear-1_cut.wav
abnormal,hills_18deg,OBD,go_up_18-OBD-2.wav,44100,35.849,0.0,35.849,39.26,-3.411,COPIED (100% Intact),/mnt/c/Users/kante/Documents/KWU/etrl_task/experiments/gearbox_final_suite/data/audio_aligned/abnormal/hills_18deg/go_up_18-OBD-2.wav
abnormal,hills_18deg,GEAR,go_up_18-gear-1.wav,44100,35.849,0.0,35.849,39.26,-3.411,COPIED (100% Intact),/mnt/c/Users/kante/Documents/KWU/etrl_task/experiments/gearbox_final_suite/data/audio_aligned/abnormal/hills_18deg/go_up_18-gear-1.wav
abnormal,hills_30deg,OBD,go_up_30-OBD-2.wav,44100,28.939,0.0,28.939,28.4,0.539,COPIED (100% Intact),/mnt/c/Users/kante/Documents/KWU/etrl_task/experiments/gearbox_final_suite/data/audio_aligned/abnormal/hills_30deg/go_up_30-OBD-2.wav
abnormal,hills_30deg,GEAR,go_up_30-gear-1.wav,44100,28.939,0.0,28.939,28.4,0.539,COPIED (100% Intact),/mnt/c/Users/kante/Documents/KWU/etrl_task/experiments/gearbox_final_suite/data/audio_aligned/abnormal/hills_30deg/go_up_30-gear-1.wav
abnormal,hills_6deg,OBD,go_up_6-OBD-2.wav,44100,26.536,0.0,26.536,28.06,-1.524,COPIED (100% Intact),/mnt/c/Users/kante/Documents/KWU/etrl_task/experiments/gearbox_final_suite/data/audio_aligned/abnormal/hills_6deg/go_up_6-OBD-2.wav
abnormal,hills_6deg,GEAR,go_up_6-gear-1.wav,44100,26.536,0.0,26.536,28.06,-1.524,COPIED (100% Intact),/mnt/c/Users/kante/Documents/KWU/etrl_task/experiments/gearbox_final_suite/data/audio_aligned/abnormal/hills_6deg/go_up_6-gear-1.wav
abnormal,steering_pad_40kph,OBD,go_up_circle_40-OBD-2.wav,44100,60.282,0.0,60.282,59.86,0.422,COPIED (100% Intact),/mnt/c/Users/kante/Documents/KWU/etrl_task/experiments/gearbox_final_suite/data/audio_aligned/abnormal/steering_pad_40kph/go_up_circle_40-OBD-2.wav
abnormal,steering_pad_40kph,GEAR,go_up_circle_40-gear-1.wav,44100,60.282,0.0,60.282,59.86,0.422,COPIED (100% Intact),/mnt/c/Users/kante/Documents/KWU/etrl_task/experiments/gearbox_final_suite/data/audio_aligned/abnormal/steering_pad_40kph/go_up_circle_40-gear-1.wav
normal,high_speed_20kph,GEAR,record_20-gear-1.wav,44100,263.558,0.0,263.558,262.79,0.768,COPIED (100% Intact),/mnt/c/Users/kante/Documents/KWU/etrl_task/experiments/gearbox_final_suite/data/audio_aligned/normal/high_speed_20kph/record_20-gear-1.wav
normal,high_speed_20kph,OBD,record_20-obd-2.wav,44100,263.558,0.0,263.558,262.79,0.768,COPIED (100% Intact),/mnt/c/Users/kante/Documents/KWU/etrl_task/experiments/gearbox_final_suite/data/audio_aligned/normal/high_speed_20kph/record_20-obd-2.wav
normal,high_speed_60kph,GEAR,record_60-gear-1.wav,44100,90.223,0.0,90.223,90.78,-0.557,COPIED (100% Intact),/mnt/c/Users/kante/Documents/KWU/etrl_task/experiments/gearbox_final_suite/data/audio_aligned/normal/high_speed_60kph/record_60-gear-1.wav
normal,high_speed_60kph,OBD,record_60-obd-2.wav,44100,90.223,0.0,90.223,90.78,-0.557,COPIED (100% Intact),/mnt/c/Users/kante/Documents/KWU/etrl_task/experiments/gearbox_final_suite/data/audio_aligned/normal/high_speed_60kph/record_60-obd-2.wav
normal,high_speed_80kph,GEAR,record_80-gear-1.wav,44100,65.189,0.0,65.189,65.26,-0.071,COPIED (100% Intact),/mnt/c/Users/kante/Documents/KWU/etrl_task/experiments/gearbox_final_suite/data/audio_aligned/normal/high_speed_80kph/record_80-gear-1.wav
normal,high_speed_80kph,OBD,record_80-obd-2.wav,44100,65.189,0.0,65.189,65.26,-0.071,COPIED (100% Intact),/mnt/c/Users/kante/Documents/KWU/etrl_task/experiments/gearbox_final_suite/data/audio_aligned/normal/high_speed_80kph/record_80-obd-2.wav
normal,hills_12deg,GEAR,record_up_12-gear-1.wav,44100,25.134,0.0,25.134,26.28,-1.146,COPIED (100% Intact),/mnt/c/Users/kante/Documents/KWU/etrl_task/experiments/gearbox_final_suite/data/audio_aligned/normal/hills_12deg/record_up_12-gear-1.wav
normal,hills_12deg,OBD,record_up_12-obd-2.wav,44100,25.134,0.0,25.134,26.28,-1.146,COPIED (100% Intact),/mnt/c/Users/kante/Documents/KWU/etrl_task/experiments/gearbox_final_suite/data/audio_aligned/normal/hills_12deg/record_up_12-obd-2.wav
normal,hills_18deg,GEAR,record_up_18-gear-1.wav,44100,29.34,0.0,29.34,31.78,-2.44,COPIED (100% Intact),/mnt/c/Users/kante/Documents/KWU/etrl_task/experiments/gearbox_final_suite/data/audio_aligned/normal/hills_18deg/record_up_18-gear-1.wav
normal,hills_18deg,OBD,record_up_18-obd-2.wav,44100,29.34,0.0,29.34,31.78,-2.44,COPIED (100% Intact),/mnt/c/Users/kante/Documents/KWU/etrl_task/experiments/gearbox_final_suite/data/audio_aligned/normal/hills_18deg/record_up_18-obd-2.wav
normal,hills_30deg,GEAR,record_up_30-gear-1.wav,44100,29.14,0.0,29.14,29.98,-0.84,COPIED (100% Intact),/mnt/c/Users/kante/Documents/KWU/etrl_task/experiments/gearbox_final_suite/data/audio_aligned/normal/hills_30deg/record_up_30-gear-1.wav
normal,hills_30deg,OBD,record_up_30-obd-2.wav,44100,29.14,0.0,29.14,29.98,-0.84,COPIED (100% Intact),/mnt/c/Users/kante/Documents/KWU/etrl_task/experiments/gearbox_final_suite/data/audio_aligned/normal/hills_30deg/record_up_30-obd-2.wav
normal,hills_6deg,GEAR,record_up_6-gear-1.wav,44100,25.635,0.0,25.635,25.42,0.215,COPIED (100% Intact),/mnt/c/Users/kante/Documents/KWU/etrl_task/experiments/gearbox_final_suite/data/audio_aligned/normal/hills_6deg/record_up_6-gear-1.wav
normal,hills_6deg,OBD,record_up_6-obd-2.wav,44100,25.635,0.0,25.635,25.42,0.215,COPIED (100% Intact),/mnt/c/Users/kante/Documents/KWU/etrl_task/experiments/gearbox_final_suite/data/audio_aligned/normal/hills_6deg/record_up_6-obd-2.wav
normal,steering_pad_40kph,GEAR,record_circle-gear-1.wav,44100,60.482,0.0,60.482,61.9,-1.418,COPIED (100% Intact),/mnt/c/Users/kante/Documents/KWU/etrl_task/experiments/gearbox_final_suite/data/audio_aligned/normal/steering_pad_40kph/record_circle-gear-1.wav
normal,steering_pad_40kph,OBD,record_circle-obd-2.wav,44100,60.482,0.0,60.482,61.9,-1.418,COPIED (100% Intact),/mnt/c/Users/kante/Documents/KWU/etrl_task/experiments/gearbox_final_suite/data/audio_aligned/normal/steering_pad_40kph/record_circle-obd-2.wav
